"statcode","purpose","statname"
"00600960","内貿ユニットロード貨物（コンテナ船・ＲＯＲＯ船・自動車航送船により運搬されるもの）の流動実態を把握するとともに、対岸諸国（中国・韓国・ロシア等）との海上輸送量が増大していることを鑑み、外貿ユニットロード貨物（ＲＯＲＯ船、自動車航送船により運搬されるもの）の流動実態を把握することにより、複合一貫輸送に対応した効率的な物流体系を構築するための基礎資料を得ることを目的とする。","ユニットロード貨物流動調査"
"00500225","牛乳乳製品統計（法第２条第４項第３号に規定する基幹統計）を作成し、牛乳及び乳製品の生産に関する実態を明らかにするとともに、畜産行政に必要な基礎資料を得ることを目的とする。","牛乳乳製品統計調査"
"00500248","野生鳥獣の処理実態とともに、食肉利用等に係る市場規模を算出する等に必要なデータを把握し、鳥獣被害防止対策の一環として取り組まれる野生鳥獣の食肉等への利活用の推進に向けての施策の的確な立案や推進のための基礎資料を整備することを目的に実施する。","野生鳥獣資源利用実態調査"
"00450078","労働組合を対象として、労働環境が変化する中での労働組合の組織及び活動の実態等を明らかにすることを目的とする。","労使関係総合調査（労働組合活動等に関する実態調査）"
"00200571","小売物価統計調査は、小売物価統計（国民の消費生活に必要な商品の小売価格及びサービスの料金についてその毎月の動向及び地域別の物価を明らかにすることを目的とする基幹統計）を作成することを目的とする。","小売物価統計調査"
"00600360","我が国の航空運送事業及び航空機使用事業の実態を明らかにするとともに航空行政の基礎資料を得ることを目的とする。","航空輸送統計調査"
"00600780","港湾を取り巻く物流の内、重要な役割を占める外貿コンテナ貨物について、生産地から仕向国まで、あるいは、原産国から消費地までの流動実施を一貫して把握することにより、我が国の外貿コンテナ物流の全容を明らかにし、今後の港湾の整備や管理運営のための基礎資料を得ることを目的とするものである。","全国輸出入コンテナ貨物流動調査"
"00552030","経済のグローバル化や産業の発展に伴い、我が国法人が直面する模倣被害の実態を把握・分析し、模倣被害の動向、具体的な課題の抽出、支援策のあり方等の検討に資することを目的とする。","模倣被害実態調査"
"00500236","食料・農業・農村基本計画（令和２年３月 31 日閣議決定）に基づき、力強く持続可能な農業構造の実現に向けた担い手の育成・確保を推進するため、新規就農者数（雇用による新規就農者及び新規参入者数を含む。）を把握し、新たな人材を育成・確保する諸施策の企画・立案、検証等に必要な資料を整備することを目的とする。","新規就農者調査"
"00400402","毎年３月に大学、短期大学、高等専門学校及び専修学校を卒業する予定の学生・生徒について、就職内定状況等を把握し、就職問題に適切に対処するための参考資料を得ることを目的とする。","大学・短期大学・高等専門学校及び専修学校卒業予定者の就職内定状況等調査"
"00600430","（１）有料駐車場に関する投入調査    有料駐車場に対して、調査対象期間中における施設運営事業の年間売上(事業収入)、施設運営事業にかかった年間総費用、施設ごとの利用者属性及び数量、施設運営事業に付随して売却した屑・副産物を調査することによって、産業連関表作成における有料駐車場事業の生産額及び投入構造を把握することを目的とする。 （２）こん包業に関する投入調査    こん包業を行う事業所に対して、調査対象期間中におけるこん包業の年間売上(事業収入)、こん包業にかかった年間総費用、こん包資材費の明細、こん包資材の入手方法の割合、こん包対象品目の構成率、こん包業において売却した屑・副産物を調査することによって、産業連関表作成におけるこん包部門の生産額及び投入構造を把握することを目的とする。 （３）地方公共団体運輸関連施設投入調査    地方公共団体が運営する運輸関連施設に対して、調査対象期間中における施設運営事業の年間売上（事業収入）、施設運営事業にかかった年間事業費、施設ごとの利用者属性及び数量、施設運営事業に付随して売却した屑・副産物を調査することによって、産業連関表作成における地方公共団体運輸関連施設の生産額及び投入構造を把握することを目的する。","産業連関構造調査（有料駐車場に関する投入調査）"
"00400303","当該年度３月に高等学校及び中等教育学校を卒業する生徒の就職内定状況（当該年度１０月末現在、１２月末現在）及び決定状況（当該年度３月末現在）を把握し、進路指導上の参考資料を得ることを目的とするものである。","高等学校卒業（予定）者の就職（内定）状況に関する調査"
"00450041","全国の社会福祉施設等の数、在所者、従事者の状況等を把握して社会福祉行政推進のための基礎資料を得ることを目的とする。","社会福祉施設等調査"
"00450392","医療保険の保険者の財政状況の実態を把握し、社会保険診療報酬に関する基礎資料を整備する。","医療経済実態調査（保険者調査）"
"00400503","全国イノベーション調査は，科学技術・イノベーション政策に関する OECD（経済協力開発機構）を中心とした国際的な協調のもと，企業のイノベーション活動の実態や動向を調査し，科学技術・イノベーション政策の企画，立案，推進及び評価に必要な基礎資料を得ることを目的とする。","全国イノベーション調査"
"00500238","｢食料・農業・農村基本計画｣（令和２年３月 31 日閣議決定）において、力強く持続可能な農業構造の実現に向けた担い手として位置付けられた集落営農組織の育成・確保等に係る施策の企画・立案、推進等に必要な資料の整備を行うことを目的とする。","集落営農実態調査"
"00450099","主要産業における企業の労働時間制度、賃金制度等について総合的に調査し、我が国の民間企業における就労条件の現状を明らかにすることを目的とする。","就労条件総合調査"
"00600330","自動車輸送統計（自動車による貨物及び旅客の輸送の実態を明らかにすることを目的とする基幹統計）を作成し、我が国の経済政策及び交通政策を策定するための基礎資料を得ることを目的とする。","自動車輸送統計調査"
"00450132","全国の無医地区等及び無歯科医地区等の実態及び医療確保体制の実態を調査し、へき地保健医療体制の確立を図るための基礎資料を得ることを目的とする。","無歯科医地区等調査"
"00450108","労働争議の状況を調査し、その実態を明らかにして、労働行政推進上の基礎資料とすることを目的とする。","労働争議統計調査"
"00200533","社会生活基本統計（法第２条第４項第３号に規定する基幹統計）を作成し、国民の社会生活の実態を明らかにするための基礎資料を得ることを目的とする。","社会生活基本調査"
"00450385","この調査は、訪問看護療養費の請求実態について把握・分析等を行うことにより、訪問看護療養費の支給額等を適正に評価し、次回診療報酬改定時における訪問看護療養費の改定を行うための基礎資料を得ることを目的とする。","訪問看護療養費実態調査"
"00450098","労働組合のない企業を含めた民間企業における賃金・賞与の改定額、改定率、賃金・賞与の改定方法、改定に至るまでの経緯等を把握することを目的とする。","賃金引上げ等の実態に関する調査"
"00200532","就業構造基本統計（法第２条第４項第３号に規定する基幹統計）を作成し、国民の就業及び不就業の実態を明らかにし、全国及び地域別の就業構造に関する基礎資料を得ることを目的とする。","就業構造基本調査"
"00501001","森林組合及び生産森林組合の組織・執行体制、財務及び事業全般にわたる実態を把握し、今後の諸施策の基礎資料を得ることを目的とする。","森林組合一斉調査"
"00500500","地力増進法（昭和 59 年法律第 34 号）第 11 条の規定に基づき政令で指定している土壌改良資材について、農業用払出量等を把握し、その安定供給等による地力の増進対策を推進するための基礎資料を得ることを目的とする。","土壌改良資材の農業用払出量調査"
"00200566","全国単身世帯収支実態調査は，単身世帯を対象として家計における消費，所得，資産及び負債の実態を総合的に把握するため，全国家計構造調査の単身世帯結果を補完・補強し，全国家計構造統計に活用することを目的とする。","全国単身世帯収支実態調査"
"00100001","地域の景気に関連の深い動きを観察できる立場にある人々の協力を得て、地域ごとの景気の的確かつ迅速な把握に資するとともに、政府としての景気に関する判断材料の裾野の拡大を図るための基礎資料を得ることを目的とする。","景気ウォッチャー調査"
"00450461","公的年金の加入状況を世帯員個々について調査し、公的年金加入状況と世帯の状況、就業状況、地域的特性との関連を把握するとともに、公的年金に関する周知度等を把握することにより、年金の事業運営及び今後の年金制度の検討のための基礎資料を得ることを目的とする。","公的年金加入状況等調査"
"00500202","林業経営体の財産状況、収支状況、施業状況等、経営実態を明らかにし、「森林・林業基本法」に基づく林業行政等を推進するための資料を整備することを目的として実施する。","林業経営統計調査"
"00450072","景気の変動、労働力需給の変化等が、雇用、労働時間等に及ぼしている影響や、それらに関する今後の見通し、対応策等について調査し、労働経済の変化の方向、当面の問題等を迅速に把握し、労働政策の基礎資料とすることを目的とする。","労働経済動向調査"
"00500216","海面漁業生産統計（法第２条第４項第３号に規定する基幹統計）を作成し、海面漁業（注１）の生産に関する実態を明らかにし、水産行政の基礎資料を整備することを目的とする。 （注１）「海面漁業」とは、海面（サロマ湖、能取湖、風蓮湖、温根沼、厚岸湖、加茂湖、浜名湖及び中海を含む。以下同じ。）における水産動植物の採捕又は養殖の事業をいう。","海面漁業生産統計調査"
"00200564","家計における消費，所得，資産及び負債の実態を総合的に把握し，世帯の所得分布及び消費の水準，構造等を全国的及び地域別に明らかにすることを目的とする。","全国家計構造調査（旧全国消費実態調査）"
"00550510","工場の立地動向を全国にわたり統一した基準で迅速に調査することにより、工場立地の実態を把握し、工場立地の適正化及び土地利用の合理化に役立てるための基礎資料を得ることを目的とする。","工場立地動向調査"
"00502001","「水産加工業施設改良資金融通臨時措置法」（昭和52年法律第93号）（以下「水産加工資金法」という。）が、令和５年３月31日限りでその効力を失うため、水産加工業の事業活動に関する事項及び財務内容に関する事項について調査を実施し、水産加工資金法の改正等の検討などに必要とされる基礎資料を得ることを目的とする。","水産加工業経営実態調査"
"00600461","高速道路や都市間を運行する幹線バスを利用した旅客の流動等を調査し、陸・海・空にわたる総合的な交通体系の整備を進める上で重要な全国幹線旅客純流動調査の基データとして、様々な視点からの幹線旅客流動の実態を明らかにするとともに、需要予測モデルの構築と予測、費用便益分析等の交通政策や交通施設整備計画などの基礎となるための資料を作成することを目的とする。","幹線旅客流動実態調査（幹線バス旅客流動調査）"
"00600130","建設工事及び建設業の実態を明らかにし、建設行政等に必要な基礎資料を得ることを目的とする。","建設工事統計調査"
"00600320","統計法（平成19年法律第53号）に基づく「船員労働統計」の作成を目的とする統計調査であり、船員の報酬、雇用等に関する実態を明らかにするものである。","船員労働統計調査"
"00450381","病院、一般診療所及び歯科診療所並びに保険薬局における医業経営等の実態を明らかにし、社会保険診療報酬に関する基礎資料を整備する。","医療経済実態調査（医療機関等調査）"
"00100410","民間企業における新規資産・中古資産の取得としての投資支出及び除却に関する状況を資産別に調査し、資本ストック統計・生産勘定整備における基礎資料とすることを目的とする。","民間企業投資・除却調査"
"00551130","ガス事業の生産の実態を明らかにし、ガス事業に関する施策の基礎資料を得ることを目的とする。","ガス事業生産動態統計調査"
"00552010","我が国企業等の知的財産活動の実態を把握するとともに、産業財産権審査体制の整備及び知的財産政策の企画立案のための基礎資料の作成を目的とするもの。","知的財産活動調査"
"00551040","石油業者が有する貯油設備の実態を調査し、石油設備に関する行政施策の基礎資料を得ることを目的とする。","石油設備調査"
"00450344","障害者の日常生活及び社会生活を総合的に支援するための法律（平成 17 年法律第 123号）に基づく介護給付費や訓練等給付費、児童福祉法（昭和 22 年法律第 164 号）に基づく障害児通所給付費等について、「サービス等に通常要する費用につき、厚生労働大臣が定める基準により算定した費用の額（以下「障害福祉サービス等報酬」という。）」から政令で定める利用者負担を控除した額と定められている。 障害福祉サービス等施設・事業所の経営状況を調査し、３年ごとに行う障害福祉サービス等報酬改定の検討に必要な基礎資料を得ることを目的とする。","障害福祉サービス等経営実態調査"
"00601020","我が国の宿泊施設を利用した宿泊者数や宿泊施設の定員稼働率等の動向を把握することにより、宿泊旅行の実態を明らかにし、観光行政の基礎資料作成等に資することを目的とする。","宿泊旅行統計調査"
"00450025","地域住民の健康の保持及び増進を目的とした地域の特性に応じた保健施策の展開等を実施主体である保健所及び市区町村ごとに把握し、国及び地方公共団体の地域保健施策の効率的・効果的な推進のための基礎資料を得る。","地域保健・健康増進事業報告"
"00600010","全国の建設工事に係る建設副産物の利用量・排出量等の実態を把握し、リサイクルの進捗状況や状況の変化に応じた制度の見直し、新たな対策の検討等を行うための基礎資料を得ることを目的とする。","建設副産物実態調査"
"00450281","男女の雇用均等問題に係る雇用管理の実態を把握し、雇用環境・均等行政の成果測定や方向性の検討を行う上での基礎資料を得ることを目的とする。","雇用均等基本調査（女性雇用管理基本調査）"
"00200211","地方公務員の給与の実態を明らかにし、あわせて地方公務員の給与に関する制度の基礎資料を得ることを目的とする。","地方公務員給与実態調査"
"00450345","障害福祉サービス等経営概況調査は、障害福祉サービス等報酬改定の前後における、障害福祉サービス事業所等の経営状況を調査し、報酬改定における効果を検証するとともに次期報酬改定の骨格（案）検討に必要な基礎資料を得ることを目的とする。","障害福祉サービス等経営概況調査"
"00450127","医師少数区域経験認定医師を申請する者に対し、医師少数区域等所在病院での勤務実態等を調査し、今後の医師偏在対策の基本的な考え方や具体的な医師偏在対策について検討していく際の基礎資料を得ることを目的とする。","医師少数区域経験認定医師に関する調査"
"00601030","訪日外国人旅行者の消費動向を明らかにし、外国人観光客誘致に関する施策の企画立案、評価等のための基礎資料を得ることを目的とする。","訪日外国人消費動向調査"
"00450051","調査対象となった男女の結婚、出産、就業等の実態及び意識の経年変化の状況を継続的に観察 することにより、少子化対策等厚生労働行政施策の企画立案、実施等のための基礎資料を得ることを目的と する。","21世紀成年者縦断調査（平成24年成年者）"
"00500247","農林水産物等及び農山漁村に存在する土地・水その他の資源を有効に活用した農林漁業者等による事業の多角化及び高度化（農林漁業者による加工・販売への進出等の６次産業化）に関する施策並びに地域の農林水産物の利用の促進（地産地消等）に関する施策を総合的に推進することにより、農林漁業等の振興等を図るとともに、食料自給率の向上等に寄与することを目指し、地域資源を活用した農林漁業者等による新事業の創出等及び地域の農林水産物の利用促進に関する法律（六次産業化・地産地消法）が平成 22 年 12 月３日に公布されたところである。   また、食料・農業・農村基本法（平成 11 年法律第 106 号）に基づく食料・農業・農村基本計画（令和２年３月 31 日閣議決定）では、「農林水産業・地域の活力創造プラン」における「今後 10 年間で、農業・農村の所得倍増を目指す」という目標の達成に向けて、６次産業化など農業と食品産業等の連携や農村発イノベーションの推進等を通じた農村地域の関連所得を増大するという具体的な施策の展開方向が示されている。   このため、農業者等による農業生産関連事業による所得の増大をもたらす取組を総合的に調査し、取組に伴う所得向上、雇用確保等の状況を明らかにし、６次産業化の施策推進に必要な資料を整備するために実施する。","６次産業化総合調査"
"00600400","わが国の乗合バスによる都道府県間旅客流動量の実態を把握するとともに国土交通行政の基礎資料として資することを目的とする。","旅客県間流動調査"
"00550420","資本財の国内設備投資向け販売高の産業別内訳等を明らかにし、産業連関表の付帯表である「固定資本マトリックス」作成の基礎資料とすることを目的とする。","産業連関構造調査（資本財販売先調査）"
"00550400","鉱工業部門の投入構造（主として主要工業製品の原価構成）を明らかにし、産業連関表作成（投入構造推計）の基礎資料とすることを目的とする。","産業連関構造調査（鉱工業投入調査）"
"00450399","医療費の動向を迅速かつ精緻に把握し、その分析結果により政策決定の際の基礎資料を得ることを目的とする。","「医療費の動向」調査"
"00600120","全国における建築物の建設の着工動態を明らかにし、建築及び住宅に関する基礎資料を得ることを目的とする。","建築着工統計調査"
"00400504","我が国の科学技術イノベーションの重要な担い手となるポストドクター等を含む若手研究者については、大学等研究機関における若手研究者の任期付き任用の増加等を背景としてポスト獲得競争が激化しており、厳しい雇用環境におかれている。このことから、科学技術・イノベーション基本計画等も踏まえ、産業界も含めた多様な活躍の場の創出と独立促進を図るため、研究者のキャリアパスの拡大や自立的な研究環境の整備を支援する取組が必要とされている。 日本国内の大学・公的研究機関で研究に従事しているポストドクター等の人数、属性、雇用及び進路の状況等の把握により、若手研究者を取り巻く課題を分析し、今後の施策の検討に資することを目的とする。  ※本調査における「ポストドクター等」の定義 博士の学位を取得した者又は所定の単位を修得の上博士課程を退学した者（いわゆる「満期退学者」）のうち，任期付で採用されている者で，①大学や大学共同利用機関で研究業務に従事している者であって，教授・准教授・助教・助手等の学校教育法第92条に基づく教育・研究に従事する職にない者，又は，②独立行政法人等の公的研究機関（国立試験研究機関，公的試験研究機関を含む。）において研究業務に従事している者のうち，所属する研究グループのリーダー・主任研究員等の管理的な職にない者をいう。","ポストドクター等の雇用・進路に関する調査"
"00402101","体育・スポーツの振興に資するため我が国における体育・スポーツ施設の設置者別現在数や施設の開放状況等を明らかにし、今後のスポーツ振興施策の企画・立案に必要な基礎データを得ることを目的とする。","体育・スポーツ施設現況調査"
"00450172","受動喫煙の防止に関する取組の一環として、平成30年７月に健康増進法の一部を改正する法律が成立、令和２年４月に全面施行されたことにより、多数の者が利用する施設について原則屋内禁煙となったことを踏まえ、当該法律の全面施行後の状況を継続的に調査し、施行後５年を経過した場合における更なる対策の必要性を検討するための基礎資料を得ることを目的とする。","喫煙環境に関する実態調査"
"00450091","この調査は、主要産業に雇用される労働者について、その賃金の実態を雇用形態、就業形態、職種、性、年齢、学歴、勤続年数、経験年数別等に明らかにすることを目的とする。","賃金構造基本統計調査"
"00450046","社会福祉関係諸法規の施行に伴う各都道府県、指定都市及び中核市における行政実態を数量的に把握して、国及び地方公共団体の社会福祉行政運営のための基礎資料を得る。","福祉行政報告例"
"00400304","児童生徒の問題行動・不登校等について、全国の状況を調査・分析することにより、教育現場における生徒指導上の取組のより一層の充実に資するとともに、本調査を通じて、実態把握を行うことにより、児童生徒の問題行動・不登校等の未然防止、早期発見・早期対応につなげていくことを目的としている。","児童生徒の問題行動・不登校等生徒指導上の諸課題に関する調査"
"00502000","漁業協同組合（以下「漁協」という。）の職員に関する実態を把握し、漁協に対する指導を行う上での基礎資料とする。","都道府県知事認可の漁業協同組合の職員に関する一斉調査"
"00600900","建築物リフォーム・リニューアル工事の動態（受注ベース）および工事内容を把握し、建設投資推計の精度向上及び建設施策に資するための基礎資料を得ることを目的とする。","建築物リフォーム・リニューアル調査"
"00100407","民間非営利団体の収入、経費及び投資額等を調査し、その経済活動を明らかにするとともに、国民経済計算推計のための基礎資料を得ることを目的とする。","民間非営利団体実態調査"
"00500217","木材統計（法第２条第４項第３号に規定する基幹統計）を作成し、素材生産並びに木材製品の生産及び出荷等に関する実態を明らかにし、林業行政の基礎資料を整備することを目的とする。","木材統計調査"
"00500209","農林業構造統計（法第２条第４項第３号に規定する基幹統計）を作成し、我が国の農林行政に係る諸施策及び農林業に関して行う諸統計調査に必要な基礎資料を整備することを目的とする。","農林業センサス"
"00550560","特殊鋼鋼材の鋼種別・形状別生産並びに鉄鋼の生産設備基数を把握して、適切なる行政施策の基礎資料とする。","鉄鋼生産内訳月報"
"00500602","信用、共済、販売等の事業を総合的に行う総合農協の指導・監督や制度の見直し等のための資料を整備するとともに広く国民に情報を提供する。","農業協同組合及び同連合会一斉調査"
"00600140","測量業の活動の動向を迅速、的確に把握し、測量業に関する各種施策に資するとともに、建設活動の先行指標として建設行政に資するため、測量業の動態調査を実施する。","建設関連業等の動態統計調査"
"00600280","港湾の実態を把握し、港湾統計（基幹統計）を作成するため、港湾の開発、利用及び管理等の基礎資料を得ることを目的とする。","港湾調査"
"00500000","産業連関表作成に必要な、民有林事業における投入額推計のための基礎資料を得ることを目的とする。","産業連関構造調査"
"00600080","建設業等に対する建設機械の販売台数等を把握し、国内における建設機械保有台数の現況並びに流通現況の実態を明らかにし、建設機械需要の予測、災害復旧の対応能力の推定等、建設機械行政の基礎資料を得ることを目的とする。","建設機械動向調査"
"00450047","この調査は、保育を中心とした児童福祉事業に対する市町村の取組などの実態を把握し、多様化した 需要に的確に対応した児童福祉行政施策を推進するための基礎資料を得ることを目的とする。","地域児童福祉事業等調査"
"00500301","容器包装の利用・製造等の実態を把握し、再商品化義務量策定のための数値等を算出するための基礎データを得ることを目的とする。","容器包装利用・製造等実態調査"
"00600310","本調査は 、鉄道車両等生産動態統計（鉄道車両及び同部品製造業 、鉄道信号保安装置並びに索道搬器運行装置製造業の生産の動態を明らかにすることを目的とする基幹統計）を作成することを目的とする。","鉄道車両等生産動態統計調査"
"00550030","商業を営む事業所及び企業の事業活動の動向を明らかにするための商業動態統計を作成することを目的とする。","商業動態統計調査"
"00600410","平成23年（2011年）産業連関表作成のため、必要な資料が既存統計から得られない運輸関連事業について、調査期間中における売上高（事業収入）、総費用の項目別金額等を調査することにより、生産額、投入額等推計のための基礎資料を得ることを目的とする。","産業連関構造調査（運輸関連事業投入調査）"
"00551020","石油製品の需給の実態について明らかにする石油製品需給動態統計（統計法第２条第４項第３号に規定する基幹統計）を作成することを目的とする。","石油製品需給動態統計調査"
"00650408","我が国においては、国際気候変動枠組み条約に基づき、温室効果ガスの排出・吸収量目録（以下「インベントリ」という。）の提出とともに、インベントリの精緻化が求められているところである。また、地球温暖化対策計画（平成 28 年５月 13 日閣議決定）においては、2030 年度の温室効果ガス総排出量について、2013 年度比 26%削減することが目標として掲げられており、特に、家庭部門では、約４割削減することとされている。 このような背景を踏まえ、家庭部門の詳細な CO2排出実態等を把握し、地球温暖化対策の企画・立案に資する基礎資料を得ることを目的とする。","家庭部門のCO2排出実態統計調査"
"00450154","健康保険法の規定により厚生労働大臣が定める「特定保険医療材料（材料価格基準に収載されている再生医療等製品を含む。以下同じ。）の購入価格（材料価格基準）」の改正の基礎資料を得ることを目的とする。","特定保険医療材料・再生医療等製品価格調査"
"00100401","機械製造業者の受注した設備用機械類について実績および見通しを調査し、設備投資状況の先行きを予測し、景気動向を把握するための基礎資料とする。","機械受注統計調査"
"00500510","花きのうち、作物統計調査（基幹統計調査）で対象となっていない花木等（注１）の出荷量、出荷額等を把握し、需給動向に即した生産振興及び消費・輸出拡大対策の企画立案等の基礎資料を得ることを目的とする。 （注１）花き及び花木等の定義については、別紙１を参照","花木等生産状況調査"
"00450389","医療保険制度加入者の受診や疾病等の状況を年齢別、疾病分類別等様々な切り口から観察し、医療保険制度の健全な発展のための基礎資料を得ることを目的とする。","医療給付実態調査"
"00400003","学校の教員構成並びに教員の個人属性、職務態様及び異動状況等を明らかにすることを目的とする。","学校教員統計調査"
"00600760","船員の採用経路、新規採用の実態及び退職者の補完状況を把握し、船員雇用対策事業、船員の職業紹介、就職指導、船員教育機関の見直し等雇用の促進を図るための諸施策に資することを目的とする。","船員異動状況調査"
"00450050","平成 22 年に出生した子の実態及び経年変化の状況を継続的に観察することにより、少子化対策 等厚生労働行政施策の企画立案、実施等のための基礎資料を得ることを目的とする。","21世紀出生児縦断調査（平成22年出生児）"
"00551030","我が国の輸入原油の油種、性状、供給源、輸送等の実態を把握することにより、原油の調達及び備蓄政策を検討するための基礎資料、並びに国際機関に対する報告を行うための基礎資料を得ることを目的とする。","石油輸入調査"
"00000004","我が国における孤独・孤立の実態を把握し、各府省における関連行政諸施策の基礎資料を得ることを目的とする。","人々のつながりに関する基礎調査"
"00200565","個人消費動向の的確な把握のために、ＩＣＴ関連の消費やインターネットを利用した購入状況、購入頻度が少ない高額商品・サービスの消費等の実態を安定的に捉えることを目的とする。","家計消費状況調査"
"00450161","原子爆弾被爆者に対する援護に関する法律（平成６年法律第 117 号）第１条に規定する被爆者（以下「被爆者」という。）の生活、健康等の現状を把握し、被爆者対策の円滑な事業の推進を図ることを目的とする。","原子爆弾被爆者実態調査"
"00450021","この調査は、医療施設（医療法（昭和 23 年法律第 205 号。以下「法」という。）に定める病院及び診療所（法第５条の規定により診療所とみなされたものを含む。ただし、保健所については除外する。）をいう。以下同じ。）について、その分布及び整備の実態を明らかにするとともに、医療施設の診療機能を把握し、医療行政の基礎資料を得ることを目的とする。","医療施設調査"
"00600840","北海道に本社、支店、工場等の事業所を有する民間法人の北海道内における投資（資本形成）の実態を把握し、北海道総合開発計画の立案とその効果的な推進を図るための基礎資料を得ることを目的とする。","北海道法人企業投資状況調査"
"00500226","全国の青果物卸売市場における青果物の卸売数量及び卸売価額を調査し、価格形成の実態等を明らかにし、青果物の流通改善対策、価格安定対策等に資することを目的とする。","青果物卸売市場調査"
"00600020","首都圏、中京圏、近畿圏の三大都市圏における鉄道・バス等の大量公共交通機関の利用実態を調査し、旅客流動量や鉄道・バス等の利用状況（利用経路、乗換え、端末交通手段、利用時間帯分布等）及び鉄道間の乗換施設の実態を把握するとともに、人口分布と輸送量との関係、輸送需要構造等の分析を行い、公共交通ネットワークの利便性向上、交通サービスの改善等の公共交通政策の検討に資する基礎資料を提供することを目的とする。","大都市交通センサス"
"00200356","利用者の視点における情報通信の利用動向を把握し、情報通信行政の施策の策定及び評価のための基礎資料を得ることを目的とする。","通信利用動向調査"
"00450371","介護報酬改定のための基礎資料を収集する一環として行うものであり、介護保険制度における各種介護サービスを提供する施設及び事業所の収支状況等を把握し、おおむね３年ごとに実施される介護報酬の改定に向け、介護報酬改定の骨格案を検討するための基礎資料を収集することを目的とする。","介護事業実態調査（介護事業経営概況調査）"
"00600200","令和２年に発注された土木工事費の内訳を把握し、産業連関表作成に必要な建設部門の投入額推計の基礎資料を得ることを目的とする。","産業連関構造調査（土木工事費投入調査）"
"00550540","容器包装の利用・製造等の実態を把握し、再商品化義務量策定のための数値等を算出するための基礎データを得ることを目的とする。","容器包装利用・製造等実態調査"
"00450079","常用労働者を５人未満雇用する事業所における雇用、給与及び労働時間の状況を把握することを目的として、令和２年は中止となった毎月勤労統計調査特別調査の代替措置として統計委員会の要請に基づき実施する。","小規模事業所勤労統計調査"
"00450383","医療機関が購入、レンタル又はリースした保険医療材料等（注）の使用状況や実勢価格等を把握し、診療報酬改定の基礎資料を得ることを目的とする。 （注）本調査において、「保険医療材料等」とは、医薬品、医療機器等の品質、有効性及び安全性の確保等に関する法律（昭和35年法律第145号）で規定される「医療機器」のうち、特定保険医療材料以外の医療材料及び長期・複数回の使用を前提とした医療機器（透析液供給装置、レーザー装置等）のことを指す。","保険医療材料等使用状況調査"
"00200543","我が国における科学技術に関する研究費や研究者数等の研究活動の実態を調査し、科学技術振興に必要な基礎資料を得ることを目的とする。","科学技術研究調査"
"00500304","国民の食生活上欠くことのできない植物油脂の生産状況等を把握し、植物油脂施策の基礎資料とすることを目的とする。","油糧生産実績調査"
"00100119","「高齢社会対策大綱」（平成30年２月閣議決定）に基づき、高齢者の日常生活・地域社会への参加に関する状況と意識を把握し、高齢社会対策の施策の推進に資するとともに、高齢社会対策大綱の見直しに当たっての基礎資料とすることを目的とする。","高齢者の日常生活・地域社会への参加に関する調査"
"00600980","全国の過去１年間に行われた土地取引の売主・買主の諸属性等及び我が国の法人における土地の所有状況等の実態を調査することにより、土地政策のための基礎資料を得ることを目的とする。","土地保有・動態調査"
"00450074","労働者派遣の実態等について、事業所側、派遣労働者側の双方から把握し、労働者派遣法改正前後の実態の変化も把握することで、労働者派遣制度に関する諸問題に的確に対応した施策の立案等に資することを目的とする。","雇用の構造に関する実態調査"
"00600030","建設業の基本的な産業構造を明らかにし、かつ、その中長期的変化を把握することにより建設産業政策上の必要な基礎資料を得ることを目的とする。","建設業構造実態調査"
"00600470","我が国の法人における土地・建物の所有状況、利用状況及び取得状況等に関する実態を調査し、その現状を全国及び地域別に明らかにすることにより、土地に関する諸施策その他の基礎資料を得るとともに、広く一般の利用に供することを目的とする。","法人土地・建物基本調査"
"00450275","全国の父のいない児童（注）が、その母によって養育されている世帯（以下「母子世帯」という。）、母のいない児童が、その父によって養育されている世帯（以下「父子世帯」という。）、父母のいない児童が、養育者によって養育されている世帯（以下「養育者世帯」という。）の生活の実態を把握し、これらのひとり親世帯等に対する福祉対策の充実を図るための基礎資料を得ることを目的とする。  (注) 本調査において「児童」とは、満20歳未満の子どもで未婚の者をいう。","全国ひとり親世帯等調査"
"00600550","東京都市圏の人の動きについて、個人属性、起終点、活動・移動目的、利用交通手段、トリップ時間などを多面的に捉えることで交通実態を総合的に把握し、交通計画、道路計画、防災計画等の検討のための基礎資料とすることを目的とする。","東京都市圏パーソントリップ調査"
"00100201","配偶者からの暴力の防止及び被害者の保護等に関する法律（以下「配偶者暴力防止法」という。）では、国及び地方公共団体は、配偶者からの暴力の防止及び被害者の保護に資するため、調査研究の推進に努めるよう規定している。また、第４次男女共同参画基本計画（平成27 年12 月25 日閣議決定）では女性に対する暴力に関し、社会における問題意識の向上や効果的な施策の立案・展開に資する調査研究を実施することとしている。   これらを踏まえ、男女間における暴力の実態の把握、暴力に対する意識の経年変化や男女の比較を行うことを目的としている。","男女間における暴力に関する調査"
"00450212","請負による建設事業について、賃金実態を把握し、労災保険料の算定に用いる現行の労務費率の見直しに資することを目的とする。","労務費率調査"
"00600820","国際航空旅客の個人属性・国内流動・国際流動・アクセス交通機関及び空港選択理由等を把握し、国際航空旅客の総合的な動態を捉え、国際航空旅客の需要動向予測、空港アクセス手段の分析等のための基礎資料を作成することを目的とする。","国際航空旅客動態調査"
"00450042","全国の介護サービスの提供体制、提供内容等を把握することにより、介護サービスの提供面に着目した基盤整備に関する基礎資料を得ることを目的とする。","介護サービス施設・事業所調査"
"00200601","サービス業及び非営利活動等を営む企業・団体がその事業活動を行うために要した費用の内訳及び販売先等の実態を把握し、産業連関表の作成における投入額・産出額推計等の基礎資料を得ることを目的とする。","産業連関構造調査（サービス産業・非営利団体等調査）"
"00450273","家庭状況等主として環境上の理由により、児童福祉法に基づいて、里親若しくは小規模住居型児童養育事業（ファミリーホーム）に委託されている児童、児童養護施設、児童心理治療施設、児童自立支援施設及び乳児院に措置されている児童、母子生活支援施設に保護されている母子世帯の児童並びにその保護者、児童自立生活援助事業（自立援助ホーム）に入居している児童及び障害児入所施設に入所している児童の実態を明らかにして、児童福祉行政推進のための基礎資料を得ることを目的とする。","児童養護施設入所児童等調査"
"00450433","社会保障・人口問題基わが国の社会保障及び人口問題に関する事項について調査し、社会保障及び人口問題に関する研究のための分析を行うとともに、厚生労働行政等における各種の施策に資する基礎資料を提供することを目的としている。 「生活と支え合いに関する調査」、「全国家庭動向調査」、「世帯動態調査」、「出生動向基本調査」及び「人口移動調査」の5つの調査で構成され、5年のローテーションで実施されている。 このうち、「生活と支え合いに関する調査」は、世帯内外での支え合いと多様な個人の自助・自立の実態を主要な題材とした調査である。具体的には、人々の生活、家族関係と社会経済状態及び相対的剥奪（注）の実態、社会保障給付などの公的な給付と、社会ネットワークなどの私的な支援とが果たしている機能を精査する。それにより、年金、医療、介護などの社会保障制度の喫緊の課題のみならず、その長期的なあり方と、社会保障制度の利用と密接に関わる個人の社会参加のあり方を検討するための基礎的資料を得ることを目的として実施する。 （注）「相対的剥奪」とは、主として社会学上の用語であり、人々が社会で通常手にいれることのできると考えられる栄養、衣服、住宅、居住設備、就労、環境面や地理的な条件についての物的な要素を欠いていたり、一般に経験すると考えられる雇用、職業、教育、レクリエーション、家族での活動，社会活動や社会関係に参加できないことをいう。","社会保障・人口問題基本調査（生活と支え合いに関する調査）"
"00450151","医薬品、医薬部外品、医療機器及び再生医療等製品（以下「医薬品等」という。）に関する毎月の生産の実態等を明らかにすることを目的とする。","薬事工業生産動態統計調査"
"00501004","都道府県の特用林産物の生産等の変動の実態を継続的に把握し、その調査結果を分析して需給の安定等に関する施策を推進するとともに、生産者や消費者へ情報提供を図っていく上で必要な基礎資料を得ることを目的とする。","特用林産物生産統計調査"
"00450376","介護従事者の処遇の状況及び介護職員処遇改善加算の影響等の評価を行うとともに、介護報酬改定のための基礎資料を得ることを目的とする。","介護事業実態調査（介護従事者処遇状況等調査）"
"00100402","企業が今後の景気や業界需要の動向をどのように見通しているか、どのように行動しようとしているかなどについて継続的に調査を行うことで、企業活動の面から我が国経済の実態を明らかにすることを目的とする。","企業行動に関するアンケート調査"
"00500220","内水面漁業・養殖業の生産に関する実態を明らかにし、内水面漁業振興対策等の水産行政の資料を得ることを目的とする。","内水面漁業生産統計調査"
"00100004","市民の寄附・ボランティア活動の実態を明らかにし、共助社会づくり及び社会貢献に関する施策のための基礎資料を得ることを目的として実施する。","市民の社会貢献に関する実態調査"
"00200522","住宅・土地統計調査は、我が国における住宅及び住宅以外で人が居住する建物（以下「住宅等」という。）に関する実態並びに住環境、現住居以外の住宅及び土地の保有状況その他の住宅等に居住している世帯に関する実態を調査し、その現状と推移を全国及び地域別に明らかにすることにより、国民の住生活関連諸施策の基礎資料を得ることを目的とする。","住宅・土地統計調査"
"00500221","特定作物統計調査は、豆類（小豆、いんげん及びらっかせい）、こんにゃくいも及び「い」（以下「調査対象作物」という。）の生産に関する実態を明らかにし、関税割当数量の算定、共済基準収穫量の算定、生産振興対策等の推進のための資料を整備することを目的として実施する。","特定作物統計調査"
"00550150","情報通信業基日本標準産業分類大分類Ｇ「情報通信業」に属する企業の活動の実態を明らかにし、情報通信業に関する施策の基礎資料を得ることを目的とする。","情報通信業基本調査"
"00650402","昭和６２年の公害健康被害の補償に関する法律（昭和４８年法律第１１１号。以下「公害健康被害補償法」という。）の改正に伴う中央公害対策審議会答申及び国会附帯決議等を踏まえ、長期的かつ予見的観点をもって、地域人口集団の健康状態と環境汚染との関係を定期的・継続的に観察し、必要な措置を講ずることを目的として実施するものである。","環境保健サーベイランス調査"
"00600800","国内航空旅客の流動パターン、旅行目的、個人属性等の基礎的調査を行うとともに、空港のアクセス・イグレスの実態、航空運賃の実態等の基礎的データについての調査を行うことにより、国内線航空旅客の流動特性を把握し、今後の空港整備のための基礎資料を得ること及び、陸、海、空にわたる総合的な交通体系の整備を進める上で重要な全国幹線旅客純流動調査の基礎的データとして、様々な視点からの幹線旅客流動の実態を明らかにすることを目的とする。","航空旅客動態調査"
"00402102","国民の体力・運動能力の現状を明らかにするとともに、体育・スポーツの指導と行政上の基礎資料を得る。","体力・運動能力調査"
"00550100","経済産業省企業活動基本調査（以下「企業活動基本調査」という。）は、企業の活動の実態を明らかにすることにより、企業に関する施策の基礎資料を得ることを目的とする。","経済産業省企業活動基本調査"
"00450152","医薬品卸売業の経営実態を把握し、医薬品の健全な発展に必要な施策を講ずるための基礎資料とすることを目的とする。","医薬品・医療機器産業実態調査"
"00600050","建設技能労働者の需給状況等を職種別・地域別に毎月調査することにより、公共事業を始めとする建設工事に必要な労働力の円滑な確保に資するとともに、適切な建設労働対策を推進するための基礎資料とする。","建設労働需給調査"
"00100108","「高齢社会対策大綱」（平成24年９月７日閣議決定）に基づき、高齢者の経済生活、生活環境、社会的な活動への参加等に関する実態と意識を把握し、高齢社会対策の施策の推進に資するとともに、高齢社会対策大綱の見直しに当たっての基礎資料とすることを目的とする。","高齢者の経済・生活環境に関する調査"
"00450073","主要産業における入職、離職と未充足求人の状況並びに入職者、離職者について個人別に属性、入職・離職に関する事情等を調査し、雇用労働力の産業、規模、職業及び地域間の移動の実態を明らかにすることを目的とする。","雇用動向調査"
"00400201","子供を公立又は私立の学校に通学させている保護者が，子供の学校教育及び学校外活動のために支出した経費並びに世帯の年間収入，保護者・兄弟姉妹の状況等の実態をとらえ，教育に関する国の諸施策を検討・立案するための基礎資料を得ることを目的とする。","子供の学習費調査"
"00350610","我が国の経済活動の主要部分を占める企業活動を把握することにより、経済の現状及び今後の見通しに関する基礎資料を得ることを目的とする。","法人企業景気予測調査"
"00450261","この調査は、主要産業の民営事業所の事業主に対し、雇用している身体障害者、知的障害者、精神障害者及び発達障害者の雇用者数、賃金、労働時間、職業、雇用管理上の措置等を産業、事業所規模、障害の種類、程度、障害者の年齢、性別に調査し、今後の障害者の雇用施策の検討及び立案に資することを目的とする。","障害者雇用実態調査"
"00450101","我が国におけるすべての労働組合を対象として、労働組合数、労働組合員数、加盟組織系統等の状況を調査し、労働組合及び労働組合員の産業別、地域別、加盟上部組合別の分布等労働組合組織の実態を明らかにすることを目的とする。","労使関係総合調査（労働組合基礎調査）"
"00450141","保健師、助産師、看護師及び准看護師学校養成所の入学状況及び卒業生の就業状況等を把握し、看護行政上の基礎資料として活用する。","看護師等学校養成所入学状況及び卒業生就業状況調査"
"00550350","製造工業の先行き２か月の生産見込数量を把握し、景気動向等の判断資料である製造工業生産予測指数を作成するための基礎資料を得ることを目的とする。","製造工業生産予測指数"
"00400601","大学における学術情報基盤の実情を具体的に把握し、関係諸施策推進に関する基礎資料を得ることを目的とする。","学術情報基盤実態調査"
"00500204","農業物価統計調査は、農業における投入・産出の物価変動を測定するため、農業経営に直接関係のある物価を把握し、その結果を総合して農業物価指数等を作成することを目的としている。","農業物価統計調査"
"00100408","地方公共団体の消費及び投資関連予算の各四半期時点現計予算額並びに一般会計に係る四半期別収入・支出について調査し、四半期別ＧＤＰ速報の推計及び四半期別財政統計の作成に係る検討に必要な基礎資料を得ることを目的とする。","地方公共団体消費状況等調査"
"00600810","国内航空貨物の流動パターン、品目等を把握し、航空貨物の需要動向予測、航空貨物輸送体系の分析及び空港整備の検討に資するための基礎資料を得ることを目的とする。","航空貨物動態調査"
"00600210","令和２年に発注された建築工事費の内訳を把握し、産業連関表作成に必要な投入額推計の基礎資料を得ることを目的とする。","産業連関構造調査（建築工事費投入調査）"
"00601010","我が国における旅行・観光消費額を把握することにより、旅行・観光消費の経済波及効果の推計及び分析や、我が国の観光政策の企画・立案のための基礎資料作成等に資することを目的とする。","旅行・観光消費動向調査"
"00200521","国勢統計（法第２条第４項第１号に規定する基幹統計）を作成し、国内の人及び世帯の実態を把握し、各種行政施策その他の基礎資料を得ることを目的とする。","国勢調査"
"00500501","各都道府県において生産される多様な野菜について、品目、作付面積、収穫量、出荷量等の推移を明らかにし、産地の育成、消費ニーズを踏まえた野菜の安定供給、産地の状況に応じたきめ細かな野菜行政を推進していくとともに、消費者や生産者への情報提供等を図っていく上で必要な基礎的資料を得ることを目的として実施している。","地域特産野菜生産状況調査"
"00450023","全国の病院、療養病床を有する診療所における患者の利用状況を把握して、医療行政の基礎資料を得る。","病院報告"
"00450272","全国的に乳幼児の身体発育の状態やその関連項目を調査し、我が国の乳幼児の身体発育値を定めて、乳幼児保健指導の改善に資することを目的とする。","乳幼児身体発育調査"
"00400401","大学等におけるインターンシップの実施に関する各種データを収集し、インターンシップのより一層の推進・普及に関する施策の企画・立案等を行うための基礎資料を得ることを目的とする。   （注）本調査で把握するインターンシップとは、「学生が在学中に自らの専攻、将来のキャリアに関連した就業体験を行うこと」（「インターンシップの推進に当たっての基本的考え方」（平成９年９月18日、平成26年４月８日一部改正。文部科学省、厚生労働省、経済産業省））を指し、学生の受入れにあたり、学校が窓口となって組織（キャリアセンター・就職支援担当課等）としてインターンシップを紹介、あっせんするなど、大学等を通じて対応しているもの（学生の参加状況を大学等が把握、関与しているもの）を対象とする。大学等の掲示板に掲載された情報から学生が個人的に申し込む場合や、企業のＨＰ等から学生が直接企業等に連絡を取って申し込む場合など、大学等が参加状況を把握していないものについては対象としない。","大学・短期大学・高等専門学校におけるインターンシップ実施状況等調査"
"00351000","民間給与の実態を明らかにし、租税に関する制度及び税務行政の運営に必要な基本的事項を明らかにするための民間給与実態統計を作成することを目的とする。","民間給与実態統計調査"
"00450122","全国の無医地区等及び無歯科医地区等の実態及び医療確保体制の実態を調査し、へき地保健医療体制の確立を図るための基礎資料を得ることを目的とする。","無医地区等調査"
"00450071","この調査は、全国調査、地方調査及び特別調査の３種類から成り、雇用、給与及び労働時間について、全国調査にあってはその全国的変動を、地方調査にあってはその都道府県別の変動を毎月明らかにすることを目的とし、特別調査はこれらを補完することを目的とする。","毎月勤労統計調査"
"00550010","我が国工業の実態を明らかにし、工業に関する施策の基礎資料を得るとともに、経済センサス-活動調査の中間年における経済構造統計を作成することを目的とする。","工業統計調査"
"00600450","（１）有料駐車場に関する投入調査    有料駐車場に対して、調査対象期間中における施設運営事業の年間売上(事業収入)、施設運営事業にかかった年間総費用、施設ごとの利用者属性及び数量、施設運営事業に付随して売却した屑・副産物を調査することによって、産業連関表作成における有料駐車場事業の生産額及び投入構造を把握することを目的とする。 （２）こん包業に関する投入調査    こん包業を行う事業所に対して、調査対象期間中におけるこん包業の年間売上(事業収入)、こん包業にかかった年間総費用、こん包資材費の明細、こん包資材の入手方法の割合、こん包対象品目の構成率、こん包業において売却した屑・副産物を調査することによって、産業連関表作成におけるこん包部門の生産額及び投入構造を把握することを目的とする。 （３）地方公共団体運輸関連施設投入調査    地方公共団体が運営する運輸関連施設に対して、調査対象期間中における施設運営事業の年間売上（事業収入）、施設運営事業にかかった年間事業費、施設ごとの利用者属性及び数量、施設運営事業に付随して売却した屑・副産物を調査することによって、産業連関表作成における地方公共団体運輸関連施設の生産額及び投入構造を把握することを目的する。","産業連関構造調査（地方公共団体運輸関連施設投入調査）"
"00450022","この調査は、医療施設（医療法（昭和 23 年法律第 205 号）に定める病院及び診療所（同法第５条の規定により診療所とみなされたものを含む。ただし、保健所については除外する。）をいう。以下同じ。）を利用する患者について、その傷病の状況等の実態を明らかにすることを目的とする。","患者調査"
"00500311","食品の安全と消費者の信頼の確保を図るための施策として、危害要因分析・重要管理点（ＨＡＣＣＰ）に沿った衛生管理の導入を推進していく必要があるとされていることから、ＨＡＣＣＰに沿った衛生管理の導入状況等の実態を把握し、諸施策の企画・立案に必要な資料を得ることを目的とする。","食品製造業におけるHACCPに沿った衛生管理の導入状況実態調査"
"00350430","たばこ小売販売業者の店舗経営及び営業形態に関する状況等を把握し、たばこ行政を適切に行っていくための基礎資料を得ることを目的とする。","たばこ小売販売業調査"
"00500201","農業経営統計（法第２条第４項第３号に規定する基幹統計）を作成し、農業経営体の経営及び農産物の生産費の実態を明らかにするとともに、農業行政に必要な基礎資料を得ることを目的とする。","農業経営統計調査"
"00550550","①生産業者の工場における普通鋼鋼材の鋼材部門別の払出の実態を把握し、鋼材の需給状況を明らかにして、行政施策の基礎資料とする。 ②生産業者の本社営業所及び販売業者における普通鋼鋼材の鋼材部門別の受入・払出・在庫の実態を把握し、鋼材の需給状況を明らかにして、行政施策の基礎資料とする。","鉄鋼需給動態統計調査"
"00450061","保健、医療、福祉、年金、所得等国民生活の基礎的事項を調査し、厚生労働省の所掌事務に関する政策の企画及び立案に必要な基礎資料を得るとともに、各種調査の調査客体を抽出するための親標本を設定することを目的とする。","国民生活基礎調査"
"00600545","全国の平日・休日の都市交通特性を都市特性・地区特性及び町村特性等の関連において把握し、社会情勢の変化や地域特性に応じた都市交通計画・施策を検討するための基礎資料を得ることを目的とする。","全国都市交通特性調査"
"00600150","大手建設業の活動は、多角化・国際化等しており、従来の統計では建設業の多角的な活動の実態を把握できないため、大手建設業者について多角化等の活動の実態調査を実施し、建設行政施策の基礎資料を得ることを目的とする。","建設業活動実態調査"
"00450201","この調査は、中小零細企業又は事業所の労働者の賃金の実態及び賃金改定の状況等を把握し、中央最低賃金審議会、地方最低賃金審議会における最低賃金の決定、改正等の審議に資することを目的とする。","最低賃金に関する実態調査"
"00600300","造船及び造機の実態を明らかにすることを目的とする。造船調査及び造機調査に分ける。","造船造機統計調査"
"00551011","電気事業者における発電端電力量、所内用電力量を発電種別に把握し、総合エネルギー統計（エネルギーバランス表）作成のための基礎資料を得ることを目的とする。","総合エネルギー統計補足調査（電気事業者の発電量内訳調査）"
"00500211","農業構造を取り巻く諸情勢が著しく変化する中で、５年ごとに実施する農林業センサス実施年以外の年の農業構造の実態及びその変化を明らかにするため、農業生産構造及び就業構造に関する基本的事項を把握し、農政の企画・立案、推進等に必要な基礎資料を得ることを目的とする。","農業構造動態調査"
"00600890","これまでに講じられてきたマンション管理に関する施策の効果及び住生活基本計画（平成28年3月18日閣議決定）に基づくマンションに係る目標の達成状況等を把握し、必要となる施策の提示を行うための基礎資料を得ることを目的とする。","マンション総合調査"
"00600340"," 内航船舶輸送統計（船舶による国内の貨物の輸送の実態を明らかにすることを目的とする基幹統計）を作成し、わが国の交通政策 及び経済政策を策定するための基礎資料を得ることを目的とする。","内航船舶輸送統計調査"
"00450391","健康保険及び船員保険の被保険者の年齢、標準報酬月額、標準賞与額、その所属している事業所又は船舶所有者の業態、規模及び被扶養者の年齢、続柄、異動の状況等を調査し、制度運営のための基礎資料を得ることを目的とする。","健康保険・船員保険被保険者実態調査"
"00600690","全国の幹線鉄道の特急列車等を利用した旅客の流動等を調査し、需要予測モデルの構築と予測、費用便益分析等の交通政策や交通施設整備計画など、今後の幹線鉄道に関する政策の分析・検討等を行うための資料を作成すること及び、陸・海・空にわたる総合的な交通体系の整備を進める上で重要な全国幹線旅客純流動調査の基データとして、様々な視点からの幹線旅客流動の実態を明らかにすることを目的とする。","幹線鉄道旅客流動実態調査"
"00200553","経済センサス‐活動調査は、経済構造統計（全ての産業分野における事業所及び企業の活動からなる経済の構造を全国的及び地域別に明らかにすることを目的とする基幹統計）を作成することを目的とする。","経済センサス‐活動調査"
"00100501","平成 28 年度税制改正大綱（平成 27 年 12 月 16 日自由民主党・公明党）において、寄附金税制の点検を行う旨決定されたことを踏まえ、公益社団法人及び公益財団法人に対する寄附に係る税額控除制度（平成 23 年度導入）の更なる有効利用の検討に資するため、公益社団法人及び公益財団法人の認定等に関する法律（平成 18 年法律第 49 号）により認定されている公益社団法人及び公益財団法人における同制度の利用状況等を把握するとともに、平成 28 年度以降の税制改正（税額控除証明取得に関する要件の緩和、公益法人等に財産を寄附した場合における譲渡所得等の非課税の特例）に関する認識や同改正を踏まえた税額控除制度に関する意向等を把握する。","公益法人の寄附金収入に関する実態調査"
"00450432","社会保障・人口問題基わが国の社会保障及び人口問題に関する事項について調査し、社会保障及び人口問題に関する研究のための分析を行うとともに、厚生労働行政等における各種の施策に資する基礎資料を提供することを目的としている。 調査は、「人口移動調査」、「生活と支え合いに関する調査」、「全国家庭動向調査」、「世帯動態調査」及び「出生動向基本調査」の５つの調査で構成しており、５年のローテーションで実施している。 このうち、「人口移動調査」は、他の公的統計では把握することのできないライフ・イベントごとの居住地、移動理由や５年後の移動可能性、別の世帯にいる家族の居住地に関する実態等を定時的、継続的に調査・計測し、まち・ひと・しごと創生総合戦略を始めとする関連諸施策の検討及び地域別将来推計人口の作成の基礎資料を提供することを目的とした調査である。","社会保障・人口問題基本調査（人口移動調査）"
"00400004","社会教育行政に必要な社会教育に関する基本的事項を明らかにすることを目的とする。","社会教育調査"
"00450372","介護報酬は各々のサービスの平均費用の額等を勘案して設定することとしていることから、各々の介護サービスについての費用等実態を明らかにし、介護報酬改定のための基礎資料を得ることを目的とする。 なお、令和２年度調査に限り、令和元年 10 月の消費税率引上げが介護サービス施設・事業所に与える影響について検証するために必要となる情報を得ることを目的とする。","介護事業実態調査（介護事業経営実態調査）"
"00200501","郵便・信書便業、通信業、放送業及びインターネット附随サービス業を営む企業が、その事業活動を行うために要した費用の内訳等の実態を把握し、産業連関表の作成における投入額推計等の基礎資料を得ることを目的とする。","産業連関構造調査（通信・放送業等投入調査）"
"00450027","衛生関係諸法規の施行に伴う各都道府県、指定都市及び中核市における行政の実態を把握し、国及び地方公共団体の衛生行政運営のための基礎資料を得る。","衛生行政報告例"
"00450216","経済のグローバル化による企業間コスト競争の激化、経済のサービス化の進展、労働者の価値観が多様化する中、いわゆる正社員に代わり、パートタイム労働者、派遣労働者、契約社員等多様な形態で働くいわゆる非正社員が依然として多い。 これらのいわゆる非正社員の多くに当てはまる有期労働契約については、期間の定めのない労働契約に比べて雇用が不安定であり、有期契約労働者の雇用の安定を図るため、労働契約法の一部を改正する法律（平成 24 年法律第 56 号。以下「労働契約法一部改正法」という。）によって、有期労働契約の期間の定めのない労働契約への転換（無期転換ルール）が制度化された。無期転換ルールは通算契約期間が５年を超えた場合に労働者が無期転換を申し込むことができるものであることから、労働契約法一部改正法の施行から５年を経過した平成 30 年４月より本格的な無期転換の申込みが始まっている。 この無期転換ルールについては、労働契約法一部改正法附則第３条において、施行後８年（令和３年）以降の見直し規定があり、この規定に則って見直しの検討を行う必要がある。 有期労働契約に関するデータについては、平成 23 年を最後に調査を行っておらず、無期転換ルールの見直しの検討に当たっては、無期転換ルールの施行状況を踏まえて直近の実態を把握する必要があることから、厚生労働省では、無期転換ルールの施行後の有期契約労働者及び契約期間の定めがある働き方から定めがない働き方に転換した無期契約労働者（以下「無期転換者」という。）に関する就業の実態、契約形態の実態、無期転換ルールの活用状況等を把握することを目的として、労働者に対し、本調査を実施する。","有期労働契約に関する実態調査（事業所調査・個人調査）"
"00350600","法人企業統計を作成するために行なう調査であり、わが国における法人の企業活動の実態を明らかにし、あわせて法人を対象とする各種統計調査のための基礎となる法人名簿を整備することを目的とする。法人企業統計調査には、年度ごとに法人の確定決算の計数を調査する年次別法人企業統計調査（以下、「年次別調査」という。）及び四半期ごとに法人の仮決算の計数を調査する四半期別法人企業統計調査（以下、「四半期別調査」という。）がある。","法人企業統計調査"
"00450271","全国の乳幼児の栄養方法及び食事の状況等の実態を把握することにより、母乳育児の推進や乳幼児の食生活の改善のための基礎資料を得ることを目的とする。","乳幼児栄養調査"
"00450312","生活保護法（昭和25年法律第144号）に基づく保護を受けている世帯（以下「被保護世帯」という。） 及び保護を受けていた世帯の保護の受給状況を把握し、生活保護制度及び厚生労働行政の企画運営に必要な基礎資料を得ることを目的とする。","被保護者調査"
"00100111","「高齢社会対策大綱」（平成24年９月７日閣議決定）に基づき、高齢者の日常生活、医療や介護の状況、社会的な活動への参加等に関する実態と意識を把握し、高齢社会対策の施策の推進に資することを目的とする。","高齢者の健康に関する調査"
"00100405","消費者の意識、物価の見通し、主要耐久消費財等の保有・買替え状況を把握し、景気動向判断の基礎資料とすることを目的とする。","消費動向調査"
"00450451","この調査は、我が国の企業、事業所及び労働者の能力開発の実態を正社員・正社員以外別に明らかにし、職業能力開発行政に資することを目的とする。","能力開発基本調査"
"00100105","青少年及びその保護者を対象に、青少年を取り巻くインターネット環境の状況等について調査し、青少年が安全に安心してインターネットを利用できる環境の整備等に関する法律（平成20年法律第79号）に基づく関係施策の実施状況を検証するとともに、技術革新等の影響による著しい変化に対応する必要がある青少年のインターネット利用環境整備のため、関係施策をより効果的に推進するための基礎資料を得ることを目的とする。","青少年のインターネット利用環境実態調査"
"00450153","市場実勢価格調査に基づき決定することとされている医療用医薬品の「使用薬剤の薬価（薬価基準）」（厚生労働省告示）の改定の基礎資料等を得ることを目的とする。","医薬品価格調査"
"00500222","主要家畜（豚、採卵鶏及びブロイラー）に関する規模別・経営タイプ別飼養戸数、飼養頭羽数等を把握し、我が国の畜産生産の現況を明らかにするとともに、畜産行政推進のための基礎資料を整備することを目的とする。","畜産統計調査"
"00600060","建設工事に必要な主要建設資材の需給及び価格等の変動状況を的確かつ早期に把握し、建設資材の需給並びに価格の安定化対策を図る基礎資料とする。","主要建設資材需給・価格動向調査"
"00450110","事業所が行っている安全衛生管理、労働災害防止活動及びそこで働く労働者の仕事や職業生活における不安やストレス、受動喫煙等の実態について把握し、今後の労働安全衛生行政を推進するための基礎資料を得ることを目的とする。","労働安全衛生調査（実態調査）"
"00450045","団塊の世代を含む全国の中高年者世代の５０歳から５９歳の男女を追跡して、その『健康・就業・社会活動』について、意識面・事実面の変化の過程を継続的に調査し、行動の変化や事象間の関連性等を把握し、高齢者対策等厚生労働行政施策の企画、実施のための基礎資料を得ることを目的とする。","中高年者縦断調査"
"00551180","経済産業省特定業種石油等消費統計調査（以下「石油等消費統計調査」という。）は、工業における石油等の消費の動態を明らかにし、石油等の消費に関する施策の基礎資料を得ることを目的とする。","経済産業省特定業種石油等消費統計調査"
"00553010","中小企業基本法第10条の規定（定期的に、中小企業の実態を明らかにするため必要な調査を行い、その結果を公表しなければならない。）に基づき、中小企業を巡る経営環境の変化を踏まえ、中小企業全般に共通する財務情報、経営情報及び設備投資動向等を把握するため、中小企業全般の経営等の実態を明らかにし、中小企業施策の企画・立案のための基礎資料を提供するとともに、中小企業関連統計の基本情報を提供するためのデータ収集を行うことを目的とする。","中小企業実態基本調査"
"00450123","院内感染対策サーベイランスは、参加医療機関における院内感染の発生状況や、薬剤耐性菌の分離状況および薬剤耐性菌による感染症の発生状況を調査し、医療機関の院内感染の概況を把握し医療現場への院内感染対策に有用な情報の還元等を行うことを目的とする。部門ごとの詳細は以下の通り。  また、医療機関特性別の集計を行うために、医療機関基本情報調査により病床数、病床の種類、在院日数の把握を行う。 ①細菌検査により各種検体から検出される主要な細菌の分離頻度およびその抗菌薬感受性を継続的に収集・解析し、医療機関における主要菌種・主要な薬剤耐性菌の分離状況を明らかにする。 ②全入院患者を対象とし、主要な薬剤耐性菌による感染症患者の発生率に関するデータを継続的に収集・解析し、医療機関における薬剤耐性菌による感染症の発生状況を明らかにする。 ③手術後に発生する手術部位感染（SSI）のリスク因子ごとの発生率やその原因菌に関するデータを継続的に収集・解析し、医療機関におけるSSIの発生状況を明らかにする。 ④集中治療室（ICU）で発生する３種類の院内感染症（人工呼吸器関連肺炎、カテーテル関連血流感染症及び尿路感染症）の発生率やその起炎菌に関するデータを継続的に収集・解析し、ICUにおける院内感染症の発生状況等を明らかにする。 ⑤新生児集中治療室（NICU）で発生する院内感染症の発生率とその原因菌に関するデータを継続的に収集・解析し、NICUにおける院内感染症の発生状況等を明らかにする。","院内感染対策サーベイランス"
"00600930","バルク貨物（「コンテナ貨物」及び「トラック・トレーラーに積載されRORO船※等により輸送される貨物」を除くすべての貨物。すなわち、バラ積みのドライバルク、原油等の液体バルク、完成自動車等が対象となり、船種としては、在来船、タンカー、PCC船（自動車専用船）のほか、各種専用船で輸送する貨物を対象とする。）の流動実態を的確に把握し、我が国の産業や国民生活に欠かせない資源・エネルギー・食糧等をはじめとするバルク貨物の、より効率的な輸送体制を確立するための基礎資料を作成することを目的とする。 ※ 貨物をトラックやフォークリフトで積み卸す（水平荷役方式）ために、船尾や船側ゲートを有する船舶。","バルク貨物流動調査"
"00100502","第２期「まち・ひと・しごと創生総合戦略」（2020改訂版）（令和２年12月21日閣議決定）において、主な業績評価指標に位置付けられている「ＳＤＧｓの達成に向けた取組を行っている都道府県及び市区町村の割合60％」の達成に向け、全ての自治体の取組状況を把握するため実施するものであり、自治体がＳＤＧｓに取り組む上で抱える課題等を把握し、今後の取組推進・普及展開に活かすとともに、ＳＤＧｓ未来都市等、地方創生ＳＤＧｓ官民連携プラットフォーム、地方創生ＳＤＧｓ金融などへの関心度に関する情報収集のため実施するものである。","SDGｓに関する全国アンケート調査"
"00200552","事業所及び企業の活動の状態を調査し、事業所母集団データベースの整備に資するとともに、我が国における事業所及び企業の活動状態等の基本的構造を全国及び地域別に明らかにすることを目的とする。","経済センサス‐基礎調査"
"00450411","国民年金及び厚生年金保険の老齢年金受給者について、就業状況、世帯の状況等の実態を総合的に把握し、年金が受給者の生活の中でどのような役割を果たしているかをとらえ、年金制度運営のための基礎資料を得ることを目的とする。","年金制度基礎調査"
"00450321","消費生活協同組合及び消費生活協同組合連合会に関する事業の状況等の基本的事項を明らかにし、消費生活協同組合制度に関する施策形成のための基礎資料を得ることを目的とする。","消費生活協同組合（連合会）実態調査"
"00650203","水質汚濁を効果的に防止するためには、各種発生源からの汚濁物質の排出を抑制することが必要であるが、合理的かつ効果的な排出規制等を行うには、汚濁物質の全国的な排出源と排出量を把握しなければならない。このため、水質汚濁防止法の規制対象事業場における水質汚濁物質の排出量等の動向を把握して、排水基準の設定及び見直しに役立てるための基本的かつ重要な統計資料とすることを目的とする。","水質汚濁物質排出量総合調査"
"00650405","食品循環資源の再生利用等の促進に関する法律（平成12年法律第116号）第３条第１項に基づき定められた「食品循環資源の再生利用等の促進に関する基本方針」（平成27年財務省・厚生労働省・農林水産省・経済産業省・国土交通省・環境省告示第１号）に掲げられた食品ロスの発生状況の把握や、地方公共団体に対し地域における食品廃棄物の発生抑制及び減量並びに再生利用及び熱回収等を促進する上で参考となる事項等の提示に必要な基礎資料を得ることを目的とする。","食品廃棄物等の発生抑制及び再生利用の促進の取組に係る実態調査"
"00500231","食品産業における食品廃棄物等の年間発生量、再生利用等の実態及び食品廃棄物等のうち可食部・製品廃棄の割合を明らかにし、食品循環資源の再生利用等の促進に関する法律（平成 12 年法律第 116 号。以下「食品リサイクル法」という。）に基づく食品循環資源の再生利用等の促進に関する基本方針に定められた「食品循環資源の再生利用等実施率の目標」等の見直しや、食品ロス削減目標の設定並びに食品リサイクル法に基づく施策の推進に資することを目的とする。","食品循環資源の再生利用等実態調査"
"00600630","個人の住宅建設に要する資金の調達方法、建築に当たり影響を受けたこと等についての実態を把握し、今後の住宅政策のあり方や住宅に関する予算、税制、融資の企画立案の基礎資料を得ることを目的とする。","住宅市場動向調査"
"00450131","わが国の歯科保健状況を把握し、8020運動(歯科保健推進事業等)の種々の対策の効果についての検討等、今後の歯科保健医療対策を推進するための次期の目標設定に必要な基礎資料を得ることを目的とする。","歯科疾患実態調査"
"00501008","木質バイオマスのエネルギー利用の動向を把握し、木質バイオマスエネルギーを利用した発電施設等における木材利用の推進、木材の安定供給、地域振興など森林・林業施策の推進に資するとともに、我が国の木材の需給状況を明らかにする木材需給表や森林・林業基本計画の作成等の基礎資料として活用することを目的とする。","木質バイオマスエネルギー利用動向調査"
"00450346","障害福祉サービス等従事者の給与等を調査し、障害福祉サービス等報酬改定の影響等の評価を行うとともに、次期報酬改定のための基礎資料を得ることを目的とする。","障害福祉サービス等従事者処遇状況等調査"
"00450192","と畜場における食用に供するために行う獣畜の処理事業、食鳥処理の事業の実態を把握し、都道府県等を通して、データを家畜生産段階に還元することにより、食肉の安全性を確保するとともに、都道府県等の衛生行政の推進に当たって、全国的な状況等を随時利用できる体制を構築し、円滑な行政推進を図るための基礎資料を得るものである。","食肉検査等情報還元調査"
"00200531","国民の就業及び不就業の状態を明らかにするための基礎資料を得ることを目的とする。","労働力調査"
"00400203","21世紀の初年に出生した子供の実態及び経年変化の状況を継続的に観察することにより、子供や若者を取り巻く環境が、その後の進路選択等に与える影響を明らかにし、教育及び就業に関する国の諸施策の企画立案、実施等のための基礎資料を得ることを目的とする。","２１世紀出生児縦断調査（平成１３年出生児）"
"00450011","出生、死亡、死産、婚姻及び離婚の実態を明らかにすることを目的とする。","人口動態調査"
"00100404","我が国の経済活動の主要部分を占める企業活動を把握することにより、経済の現状及び今後の見通しに関する基礎資料を得ることを目的とする。","法人企業景気予測調査"
"00500210","漁業センサス（法第２条第４項第３号に規定する基幹統計）を作成し、我が国の漁業の生産構造、就業構造及び漁村、水産物流通・加工業等の漁業を取りまく実態を明らかにするとともに、我が国の水産行政の推進に必要な基礎資料を整備することを目的とする。","漁業センサス"
"00500215","作物統計（法第２条第４項第３号に規定する基幹統計）を作成することにより耕地及び作物の生産に関する実態を明らかにし、農業行政の基礎資料を整備することを目的とする。","作物統計調査"
"00450491","裁量労働制の制度の趣旨に適った対象業務の範囲や働く方の裁量と健康を確保する方策等についての検討に資するため、専門業務型及び企画業務型それぞれの裁量労働制の適用・運用実態や裁量労働制の適用・非適用による労働時間の差異等を調査することを目的とする。","裁量労働制実態調査"
"00500227","畜産物流通調査は、畜産物のと畜頭数、流通量等を把握し、畜産物に関する生産及び出荷の調整、価格安定対策等に資することを目的とする。","畜産物流通調査"
"00200544","サービス産業の生産・雇用等の状況を把握し、ＧＤＰの四半期別速報（ＱＥ）を始めとする各種経済指標の精度向上等に資することを目的とする。","サービス産業動向調査"
"00450001","産業連関表作成に必要な部門別投入構造に関する基礎資料を得ることを目的とする。","産業連関構造調査（医療業・社会福祉事業等投入調査）"
"00350630","酒類製造業を営む企業がその事業活動を行うために要した費用の内訳等の実態を把握し、産業連関表の作成における投入額推計等の基礎資料を得ることを目的とする。","産業連関構造調査（酒類製造業投入調査）"
"00450111","労働組合を対象として、労働環境が変化する中での労働組合と使用者（又は使用者団体）の間で行われる団体交渉、労働争議及び労働協約の締結等の実態等を明らかにすることを目的とする。","労使関係総合調査（労使間の交渉等に関する実態調査）"
"00100106","「高齢社会対策大綱」（平成30年２月16日閣議決定）に基づき、家庭生活、健康・福祉、経済生活、就労、住宅・生活環境及び生きがいなど、日本及び海外の高齢者の実態と意識を把握し、高齢社会対策の施策の推進に資することを目的とする。","高齢者の生活と意識に関する国際比較調査"
"00200357","情報通信業基日本標準産業分類大分類Ｇ「情報通信業」に属する企業の活動の実態を明らかにし、情報通信業に関する施策の基礎資料を得ることを目的とする。","情報通信業基本調査"
"00650102","産業廃棄物の排出及び処理の状況を把握し、今後の産業廃棄物処理行政の対策推進における基礎資料とすることを目的とする。","産業廃棄物排出・処理状況調査"
"00500228","全国の主要漁港における主要水産物の用途別出荷量等を調査し、水産物の需給計画、流通施設の改善等を推進するための資料とすることを目的に実施する。","水産物流通調査"
"00400306","学校教育及び教育行政のために地方公共団体において整備された教育用情報機器のほか、学校の インターネット接続環境、教員のＩＣＴ活用指導力の実態等の状況を明らかにし、国・地方を通じ た教育諸施策を検討・立案するための基礎資料を得ることを目的とする。","学校における教育の情報化の実態等に関する調査"
"00200602","企業全体及びその内数として本社事業所における管理活動等に係る投入構造を把握し、産業連関表の部門別の投入額推計等の基礎資料を得ることを目的とする。","産業連関構造調査（企業の管理活動に関する実態調査）"
"00600440","（１）有料駐車場に関する投入調査    有料駐車場に対して、調査対象期間中における施設運営事業の年間売上(事業収入)、施設運営事業にかかった年間総費用、施設ごとの利用者属性及び数量、施設運営事業に付随して売却した屑・副産物を調査することによって、産業連関表作成における有料駐車場事業の生産額及び投入構造を把握することを目的とする。 （２）こん包業に関する投入調査    こん包業を行う事業所に対して、調査対象期間中におけるこん包業の年間売上(事業収入)、こん包業にかかった年間総費用、こん包資材費の明細、こん包資材の入手方法の割合、こん包対象品目の構成率、こん包業において売却した屑・副産物を調査することによって、産業連関表作成におけるこん包部門の生産額及び投入構造を把握することを目的とする。 （３）地方公共団体運輸関連施設投入調査    地方公共団体が運営する運輸関連施設に対して、調査対象期間中における施設運営事業の年間売上（事業収入）、施設運営事業にかかった年間事業費、施設ごとの利用者属性及び数量、施設運営事業に付随して売却した屑・副産物を調査することによって、産業連関表作成における地方公共団体運輸関連施設の生産額及び投入構造を把握することを目的する。","産業連関構造調査（こん包業に関する投入調査）"
"00200555","全ての産業の付加価値等の構造を明らかにし、国民経済計算の精度向上等に資するとともに、経済センサス‐活動調査の中間年における経済構造統計を作成することを目的とする。","経済構造実態調査"
"00600580","道路整備を計画的かつ効率的に推進し、国民生活の向上と経済活動の健全な発展に資することを目的に道路交通の現状を把握し、将来の地域における総合交通計画、道路整備計画などを立案するための基礎資料を得る。","全国道路・街路交通情勢調査"
"00200568","家計消費単身モニター調査は、単身世帯を含めた総世帯の消費動向を毎月把握するため、家計調査の単身世帯結果を補完・補強し、消費動向指数（CTI：Consumption Trend Index）に活用することを目的とする。","家計消費単身モニター調査"
"00450024","全国の医療施設を利用する患者について、受療の状況や受けた医療に対する満足度等を患者から調査することにより、患者の医療に対する認識や行動を明らかにし、今後の医療行政の基礎資料を得ることを目的とする。","受療行動調査"
"00551005","本調査は我が国の産業部門・業務部門におけるエネルギー消費実態を産業別・都道府県別に把握し、エネルギー・環境政策の企画・立案を図るための基礎資料を得ることを目的とする。","エネルギー消費統計調査"
"00600462","都道府県間を超えて運航する幹線フェリー・旅客船を利用した旅客の流動等を調査し、陸・海・空にわたる総合的な交通体系の整備を進める上で重要な全国幹線旅客純流動調査の基データとして、様々な視点からの幹線旅客流動の実態を明らかにするとともに、需要予測モデルの構築と予測、費用便益分析等の交通政策や交通施設整備計画などの基礎となるための資料を作成することを目的とする。","幹線旅客流動実態調査（幹線フェリー・旅客船旅客流動実態調査）"
"00450171","国民の身体の状況、栄養摂取量及び生活習慣の状況を明らかにし、国民の健康の増進の総合的な推進を図るための基礎資料を得ることを目的とする。","国民健康・栄養調査"
"00100005","特定非営利活動法人（NPO法人）の活動状況、寄附の受入状況等について調査し、その活動実態を明らかにするとともに、特定非営利活動促進法(NPO法)の改正に向けた見直しや、共助社会づくりに関する施策のための基礎資料を得ることを目的として実施する。","特定非営利活動法人に関する実態調査"
"00600040","建設工事の円滑な執行を図るために、建設資材及び労働力の供給安定化が必要不可欠であることから、主要建設資材及び労働力の建設工事における原単位を把握することにより、その需要構造を明らかにすることを目的としている。","建設資材・労働力需要実態調査"
"00550470","産業連関表を作成する過程で必要となる各産業部門間の「財」の取引に伴う商業マージンの推計に関する基礎資料を得ることを目的とする。","産業連関構造調査（商業マージン調査）"
"00100117","子供や家庭の現在の生活・経済状態、将来の貧困に影響を与える可能性のある行動実態、子供の貧困対策に関連する施策の利用状況等を把握することを通じ、子供の貧困対策を進めるに当たっての課題や施策の効果等を確認するための基礎資料を得ることを目的とする。","子供の生活状況調査"
"00600830","国際航空貨物の国内流動パターン・国際流動パターン、品目等を把握し、航空貨物の需要動向予測、航空貨物輸送体系の分析及び空港整備の検討に資するための基礎資料を得ることを目的とする。","国際航空貨物動態調査"
"00450241","港湾労働法第２条第２号の規定に基づく、一般港湾運送事業、港湾荷役事業、はしけ運送事業及びいかだ運送事業並びに港湾運送関連事業を行う事業所について、当該事業に従事する労働者の雇用の実態を調査し、今後の港湾労働対策を推進するための基礎資料を得ることを目的とする。","港湾運送事業雇用実態調査"
"00200541","個人企業の経営の実態を明らかにし、個人企業に関する基礎資料を得ることを目的とする。","個人企業経済調査"
"00650202","大気環境の保全を図るため、全国に設置するばい煙発生施設から排出された大気汚染物質の排出量を把握し、ばい煙発生施設の排出規制制度の見直しや微小粒子状物質（PM2.5）及び光化学オキシダントの低減策等を検討するために必要な基礎資料を得ることを目的とする。 また、気候変動枠組条約及び京都議定書に基づく温室効果ガスの排出・吸収の目録（インベントリ）の作成に必要な基礎資料を得ることを目的とする。","大気汚染物質排出量総合調査"
"00600670","民間住宅ローンの供給状況の実態について把握し、独立行政法人住宅金融支援機構の証券化支援業務等についての効果の把握、改善の検討及びその他住宅金融政策の企画・立案に必要な基礎資料を得ることを目的とする。","民間住宅ローンの実態に関する調査"
"00450422","社会保障制度及び租税制度による所得再分配の状況や、所得再分配による所得格差の変化の実態を把握し、社会保障制度が国民生活にどのように機能しているかを明らかにすることにより、厚生労働行政の企画立案のための基礎資料を得ることを目的とする。","所得再分配調査"
"00400802","学校給食の充実に資するため、わが国における学校給食の実施状況、学校給食費の状況、主食の実施状況等を明らかにし、今後の学校給食及び食に関する教育の充実のための施策の企画・立案に必要な基礎データを得ることを目的とする。","学校給食実施状況等調査"
"00550050","特定サービス産業の売上高、契約高等の経営動向を把握し、景気動向の判断材料に資するとともに、産業振興政策、中小企業政策の推進及びサービス産業の健全な育成のための基礎資料を得ることを目的とする。","特定サービス産業動態統計調査"
"00550480","産業連関表における取引額の内数として輸入品取引額を特掲するため、輸入品の品目別需要先の推計に関する基礎資料を得ることを目的とする。","産業連関構造調査（輸入品需要先調査）"
"00500213","漁業構造動態調査は、5 年ごとに実施する漁業センサス（基幹統計調査）実施年以外の年の漁業構造の実態及びその変化を明らかにするため、漁業の生産構造、就業構造等に関する基本的事項を把握し、水産基本法（平成 13 年法律第 89 号）に基づく水産行政施策の企画・立案、推進等に必要な基礎資料を整備することを目的とする。","漁業構造動態調査"
"00200561","家計調査は、家計統計（国民生活における家計収支の実態を毎月明らかにすることを目的とする基幹統計）を作成することを目的とする。","家計調査"
"00400002","学校における幼児、児童及び生徒の発育及び健康の状態を明らかにすることを目的とする。","学校保健統計調査"
"00450471","近年の少子高齢化、地域住民のニーズの多様化に対応するため、保健・医療・福祉・介護の連携が図られ ているところであり、保健師の活動領域の実態を的確に把握し、今後の保健師活動に関する様々な施策を検 討・実施するための基礎資料を得ることを目的とする。","保健師活動領域調査"
"00600350","鉄道、軌道及び索道の輸送実態を早期、かつ、総合的に明らかにすることを目的とする。","鉄道輸送統計調査"
"00450435","社会保障・人口問題基わが国の社会保障及び人口問題に関する事項について調査し、社会保障及び人口問題に関する研究のための分析を行うとともに、厚生労働行政等における各種の施策に資する基礎資料を提供することを目的としている。 調査は、「人口移動調査」、「生活と支え合いに関する調査」、「全国家庭動向調査」、「世帯動態調査」、及び「出生動向基本調査」の５つの調査で構成され、５年のローテーションで実施されている。 このうち、「世帯動態調査」は特定の期間に発生する世帯の形成、拡大、解体、世帯規模や構造の変動、あるいは世帯員の世帯内地位（世帯主か否か、世帯主でない場合は世帯主との続柄）の変化といった「世帯動態」に関するデータを収集し、世帯数の将来推計のための基礎資料を得ることを目的とする。","社会保障・人口問題基本調査（世帯動態調査）"
"00400001","学校教育行政に必要な学校に関する基本的事項を明らかにすることを目的とする。   なお、この申請事項記載書で特別な記述がない限り、国立の学校には、国立大学法人及び独立行政法人国立高等専門学校機構の設置する学校を、公立の学校には、公立大学法人の設置する大学及び高等専門学校をそれぞれ含む。","学校基本調査"
"00600370","自動車から排出される温室効果ガス排出量を捉えるための基礎データとなる自動車の燃料消費量を把握することを目的とする。","自動車燃料消費量調査"
"00550200","経済産業省生産動態統計調査（以下「生産動態統計調査」という。）は、鉱工業生産の動態を明らかにし、鉱工業に関する施策の基礎資料を得ることを目的とする。","経済産業省生産動態統計調査"
"00600570","近畿圏の人の動きについて、個人属性、起終点、活動・移動目的、利用交通手段、トリップ時間などを多面的に捉えることで交通実態を総合的に把握し、交通計画、道路計画、防災計画等の検討のための基礎資料とすることを目的とする。 令和３年度においては、従来のとおり人の行動実態を把握する（本体調査）とともに、新型コロナの影響による個人の行動傾向を把握すること（補完調査）を目的とする。","近畿圏パーソントリップ調査"
"00400501","民間企業の研究活動の動向を把握・分析することにより、科学技術政策の立案・推進に資することを目的とする。","民間企業の研究活動に関する調査"
"00600640","近年、空き家の管理不全による地域の防災性・防犯性の低下や居住環境の悪化などの外部不経済（空き家問題）が全国的に社会問題化していることに鑑み、全国の空き家所有者について実態を把握し、住生活基本計画（全国計画）における空き家に関する基本的施策の検討及び空き家対策に関する指標の設定等に資する基礎資料を得ることを目的とする。","空き家所有者実態調査"
"00550130","我が国企業の海外事業活動を動態的に把握し、機動的な産業政策及び通商政策立案に資するための基礎資料を得ることを目的とする。","海外現地法人四半期調査"
"00500246","農業の生産性向上や農産物の輸送利便性等に大きく寄与する農道の整備状況を把握し、農業農村整備の推進等に必要な資料を提供すること及び地方交付税の算定に用いることを目的とする。","農道整備状況調査"
"00600650","居住環境を含めた住生活全般に関する実態や居住者の意向・満足度等を把握し、住生活基本法及び同法に基づく住生活基本計画を踏まえた住生活の安定・向上に係る総合的な施策を推進する上で必要となる基礎資料を得ることを目的とする。","住生活総合調査"
"00450462","国民年金第１号被保険者について、保険料の納付状況ごとに、その実態を明らかにし、被保険者の国民年 金に対する意識、保険料未納の理由など今後の国民年金事業運営に必要な資料を得ることを目的とする。","国民年金被保険者実態調査"
"00450291","全国の家内労働者の労働条件及び委託者の委託条件等家内労働の実態を把握し、家内労働対策を推進するための基礎資料を得ることを目的とする。","家内労働等実態調査"
"00550120","我が国企業の海外事業活動の現状と海外事業活動が現地及び日本に与える影響を把握することにより、今後の産業政策及び通商政策の運営に資するための資料を得ることを目的とする。","海外事業活動基本調査"
"00600560","中京都市圏の人の動きについて、個人属性、起終点、活動・移動目的、利用交通手段、トリップ時間などを多面的に捉えることで交通実態を総合的に把握し、交通計画、道路計画、防災計画等の検討のための基礎資料とすることを目的とする。","中京都市圏パーソントリップ調査"
